<?xml version="1.0" encoding="UTF-8" standalone="yes"?>
<model type="com.apple.IDECoreDataModeler.DataModel" documentVersion="1.0" lastSavedToolsVersion="23173.10" systemVersion="24A5264n" minimumToolsVersion="Automatic" sourceLanguage="Swift" usedWithSwiftData="YES" userDefinedModelVersionIdentifier="">
    <entity name="TaskEntity" representedClassName="TaskEntity" syncable="YES" codeGenerationType="class">
        <attribute name="completada" optional="YES" attributeType="Boolean" usesScalarValueType="YES"/>
        <attribute name="descripcion" optional="YES" attributeType="String"/>
        <attribute name="fechaVencimiento" optional="YES" attributeType="Date" usesScalarValueType="NO"/>
        <attribute name="id" optional="YES" attributeType="String"/>
        <attribute name="sincronizada" optional="YES" attributeType="Boolean" usesScalarValueType="YES"/>
        <attribute name="title" optional="YES" attributeType="String"/>
    </entity>
</model>