<?xml version="1.0" encoding="UTF-8"?>
<document type="com.apple.InterfaceBuilder3.CocoaTouch.Storyboard.XIB" version="3.0" toolsVersion="23077.2" targetRuntime="iOS.CocoaTouch" propertyAccessControl="none" useAutolayout="YES" useTraitCollections="YES" useSafeAreas="YES" colorMatched="YES" initialViewController="nB6-yG-kzs">
    <device id="retina6_12" orientation="portrait" appearance="light"/>
    <dependencies>
        <plugIn identifier="com.apple.InterfaceBuilder.IBCocoaTouchPlugin" version="23068.1"/>
        <capability name="Safe area layout guides" minToolsVersion="9.0"/>
        <capability name="System colors in document resources" minToolsVersion="11.0"/>
        <capability name="collection view cell content view" minToolsVersion="11.0"/>
        <capability name="documents saved in the Xcode 8 format" minToolsVersion="8.0"/>
    </dependencies>
    <scenes>
        <!--My Tasks-->
        <scene sceneID="byj-bU-vXD">
            <objects>
                <tableViewController id="dL5-x1-d0P" customClass="TaskListViewController" customModule="taskIo" customModuleProvider="target" sceneMemberID="viewController">
                    <tableView key="view" clipsSubviews="YES" contentMode="scaleToFill" alwaysBounceVertical="YES" dataMode="prototypes" style="plain" separatorStyle="default" rowHeight="-1" estimatedRowHeight="-1" sectionHeaderHeight="-1" estimatedSectionHeaderHeight="-1" sectionFooterHeight="-1" estimatedSectionFooterHeight="-1" id="vdc-65-zBf">
                        <rect key="frame" x="0.0" y="0.0" width="393" height="852"/>
                        <autoresizingMask key="autoresizingMask" widthSizable="YES" heightSizable="YES"/>
                        <color key="backgroundColor" systemColor="systemBackgroundColor"/>
                        <searchBar key="tableHeaderView" contentMode="redraw" id="Zrn-An-JbG">
                            <rect key="frame" x="0.0" y="0.0" width="393" height="44"/>
                            <autoresizingMask key="autoresizingMask" flexibleMaxY="YES"/>
                            <textInputTraits key="textInputTraits"/>
                            <connections>
                                <outlet property="delegate" destination="dL5-x1-d0P" id="6Kq-Re-6uf"/>
                            </connections>
                        </searchBar>
                        <segmentedControl key="tableFooterView" opaque="NO" contentMode="scaleToFill" contentHorizontalAlignment="left" contentVerticalAlignment="top" segmentControlStyle="plain" selectedSegmentIndex="0" id="zcm-jy-98R">
                            <rect key="frame" x="0.0" y="727" width="393" height="32"/>
                            <autoresizingMask key="autoresizingMask" flexibleMaxX="YES" flexibleMaxY="YES"/>
                            <segments>
                                <segment title="Todas"/>
                                <segment title="Pendientes"/>
                                <segment title="Completadas"/>
                            </segments>
                        </segmentedControl>
                        <prototypes>
                            <tableViewCell clipsSubviews="YES" contentMode="scaleToFill" preservesSuperviewLayoutMargins="YES" selectionStyle="default" indentationWidth="10" reuseIdentifier="TaskCell" textLabel="eBX-5n-T2H" detailTextLabel="6Lz-CK-G1D" rowHeight="90" style="IBUITableViewCellStyleSubtitle" id="pfW-Fk-6NB">
                                <rect key="frame" x="0.0" y="94" width="393" height="90"/>
                                <autoresizingMask key="autoresizingMask"/>
                                <tableViewCellContentView key="contentView" opaque="NO" clipsSubviews="YES" multipleTouchEnabled="YES" contentMode="center" preservesSuperviewLayoutMargins="YES" insetsLayoutMarginsFromSafeArea="NO" tableViewCell="pfW-Fk-6NB" id="TtW-zG-sTX">
                                    <rect key="frame" x="0.0" y="0.0" width="393" height="90"/>
                                    <autoresizingMask key="autoresizingMask"/>
                                    <subviews>
                                        <label opaque="NO" multipleTouchEnabled="YES" contentMode="left" insetsLayoutMarginsFromSafeArea="NO" text="Title" textAlignment="natural" lineBreakMode="tailTruncation" baselineAdjustment="alignBaselines" adjustsFontSizeToFit="NO" id="eBX-5n-T2H">
                                            <rect key="frame" x="20" y="28.999999999999996" width="25" height="14.333333333333334"/>
                                            <autoresizingMask key="autoresizingMask"/>
                                            <fontDescription key="fontDescription" type="system" pointSize="0.0"/>
                                            <nil key="textColor"/>
                                            <nil key="highlightedColor"/>
                                        </label>
                                        <label opaque="NO" multipleTouchEnabled="YES" contentMode="left" insetsLayoutMarginsFromSafeArea="NO" text="Subtitle" textAlignment="natural" lineBreakMode="tailTruncation" baselineAdjustment="alignBaselines" adjustsFontSizeToFit="NO" id="6Lz-CK-G1D">
                                            <rect key="frame" x="19.999999999999996" y="45.333333333333336" width="43.666666666666664" height="14.333333333333334"/>
                                            <autoresizingMask key="autoresizingMask"/>
                                            <fontDescription key="fontDescription" type="system" pointSize="0.0"/>
                                            <nil key="textColor"/>
                                            <nil key="highlightedColor"/>
                                        </label>
                                    </subviews>
                                </tableViewCellContentView>
                                <connections>
                                    <segue destination="A7g-F6-cv4" kind="show" identifier="editTask" id="QEn-Lb-bR4"/>
                                </connections>
                            </tableViewCell>
                        </prototypes>
                        <connections>
                            <outlet property="dataSource" destination="dL5-x1-d0P" id="fzp-QB-yBR"/>
                            <outlet property="delegate" destination="dL5-x1-d0P" id="7jb-mW-hHC"/>
                        </connections>
                    </tableView>
                    <navigationItem key="navigationItem" title="My Tasks" id="inl-st-Ymb">
                        <barButtonItem key="rightBarButtonItem" style="plain" systemItem="add" id="vZ6-Hy-MeN">
                            <connections>
                                <action selector="unwindFromNewTaskWithSegue:" destination="dL5-x1-d0P" id="Lh6-30-3pn"/>
                                <segue destination="A7g-F6-cv4" kind="show" id="UK5-Bg-JbO"/>
                            </connections>
                        </barButtonItem>
                    </navigationItem>
                </tableViewController>
                <placeholder placeholderIdentifier="IBFirstResponder" id="P97-rP-jv4" userLabel="First Responder" customClass="UIResponder" sceneMemberID="firstResponder"/>
            </objects>
            <point key="canvasLocation" x="950.38167938931292" y="-85.211267605633807"/>
        </scene>
        <!--New Task-->
        <scene sceneID="msc-Iq-iNg">
            <objects>
                <viewController id="A7g-F6-cv4" customClass="NewTaskViewController" customModule="taskIo" customModuleProvider="target" sceneMemberID="viewController">
                    <view key="view" contentMode="scaleToFill" id="aDd-X9-kGG">
                        <rect key="frame" x="0.0" y="0.0" width="393" height="852"/>
                        <autoresizingMask key="autoresizingMask" widthSizable="YES" heightSizable="YES"/>
                        <subviews>
                            <textField opaque="NO" contentMode="scaleToFill" horizontalHuggingPriority="248" fixedFrame="YES" contentHorizontalAlignment="left" contentVerticalAlignment="center" borderStyle="roundedRect" minimumFontSize="17" translatesAutoresizingMaskIntoConstraints="NO" id="KMh-Dz-yeO">
                                <rect key="frame" x="48" y="161" width="296" height="34"/>
                                <autoresizingMask key="autoresizingMask" flexibleMaxX="YES" flexibleMaxY="YES"/>
                                <fontDescription key="fontDescription" type="system" pointSize="16"/>
                                <textInputTraits key="textInputTraits"/>
                            </textField>
                            <label opaque="NO" userInteractionEnabled="NO" contentMode="left" horizontalHuggingPriority="251" verticalHuggingPriority="251" fixedFrame="YES" text="Task Title" textAlignment="natural" lineBreakMode="tailTruncation" baselineAdjustment="alignBaselines" adjustsFontSizeToFit="NO" translatesAutoresizingMaskIntoConstraints="NO" id="nK8-XP-Hui">
                                <rect key="frame" x="48" y="132" width="87" height="23"/>
                                <autoresizingMask key="autoresizingMask" flexibleMaxX="YES" flexibleMaxY="YES"/>
                                <fontDescription key="fontDescription" type="boldSystem" pointSize="19"/>
                                <nil key="textColor"/>
                                <nil key="highlightedColor"/>
                            </label>
                            <textView clipsSubviews="YES" multipleTouchEnabled="YES" contentMode="scaleToFill" fixedFrame="YES" textAlignment="natural" translatesAutoresizingMaskIntoConstraints="NO" id="qzc-Jf-z8M">
                                <rect key="frame" x="48" y="233" width="296" height="70"/>
                                <autoresizingMask key="autoresizingMask" flexibleMaxX="YES" flexibleMaxY="YES"/>
                                <color key="backgroundColor" systemColor="systemBackgroundColor"/>
                                <color key="textColor" systemColor="labelColor"/>
                                <fontDescription key="fontDescription" type="system" pointSize="14"/>
                                <textInputTraits key="textInputTraits" autocapitalizationType="sentences"/>
                            </textView>
                            <label opaque="NO" userInteractionEnabled="NO" contentMode="left" horizontalHuggingPriority="251" verticalHuggingPriority="251" fixedFrame="YES" text="Description" textAlignment="natural" lineBreakMode="tailTruncation" baselineAdjustment="alignBaselines" adjustsFontSizeToFit="NO" translatesAutoresizingMaskIntoConstraints="NO" id="dx1-Cw-mQJ">
                                <rect key="frame" x="48" y="204" width="105" height="23"/>
                                <autoresizingMask key="autoresizingMask" flexibleMaxX="YES" flexibleMaxY="YES"/>
                                <fontDescription key="fontDescription" type="boldSystem" pointSize="19"/>
                                <nil key="textColor"/>
                                <nil key="highlightedColor"/>
                            </label>
                            <label opaque="NO" userInteractionEnabled="NO" contentMode="left" horizontalHuggingPriority="251" verticalHuggingPriority="251" fixedFrame="YES" text="Fecha Vencimiento" textAlignment="natural" lineBreakMode="tailTruncation" baselineAdjustment="alignBaselines" adjustsFontSizeToFit="NO" translatesAutoresizingMaskIntoConstraints="NO" id="5NF-3q-Of4">
                                <rect key="frame" x="110" y="311" width="172" height="23"/>
                                <autoresizingMask key="autoresizingMask" flexibleMaxX="YES" flexibleMaxY="YES"/>
                                <fontDescription key="fontDescription" type="boldSystem" pointSize="19"/>
                                <nil key="textColor"/>
                                <nil key="highlightedColor"/>
                            </label>
                            <datePicker contentMode="scaleToFill" fixedFrame="YES" contentHorizontalAlignment="center" contentVerticalAlignment="center" datePickerMode="date" style="inline" translatesAutoresizingMaskIntoConstraints="NO" id="UfR-IR-sgj">
                                <rect key="frame" x="0.0" y="342" width="393" height="52"/>
                                <autoresizingMask key="autoresizingMask" widthSizable="YES" flexibleMaxY="YES"/>
                            </datePicker>
                            <collectionView clipsSubviews="YES" multipleTouchEnabled="YES" contentMode="scaleToFill" fixedFrame="YES" dataMode="prototypes" translatesAutoresizingMaskIntoConstraints="NO" id="cdl-1h-Cct">
                                <rect key="frame" x="16" y="667" width="240" height="128"/>
                                <autoresizingMask key="autoresizingMask" flexibleMaxX="YES" flexibleMaxY="YES"/>
                                <color key="backgroundColor" systemColor="systemBackgroundColor"/>
                                <collectionViewFlowLayout key="collectionViewLayout" automaticEstimatedItemSize="YES" minimumLineSpacing="10" minimumInteritemSpacing="10" id="3Ib-2Q-E36">
                                    <size key="itemSize" width="128" height="128"/>
                                    <size key="headerReferenceSize" width="0.0" height="0.0"/>
                                    <size key="footerReferenceSize" width="0.0" height="0.0"/>
                                    <inset key="sectionInset" minX="0.0" minY="0.0" maxX="0.0" maxY="0.0"/>
                                </collectionViewFlowLayout>
                                <cells>
                                    <collectionViewCell opaque="NO" clipsSubviews="YES" multipleTouchEnabled="YES" tag="100" contentMode="center" reuseIdentifier="ImageCell" id="xUV-Gk-AZV">
                                        <rect key="frame" x="56" y="0.0" width="128" height="128"/>
                                        <autoresizingMask key="autoresizingMask" flexibleMaxX="YES" flexibleMaxY="YES"/>
                                        <collectionViewCellContentView key="contentView" opaque="NO" clipsSubviews="YES" multipleTouchEnabled="YES" contentMode="center" insetsLayoutMarginsFromSafeArea="NO" id="YOo-Lr-gof">
                                            <rect key="frame" x="0.0" y="0.0" width="128" height="128"/>
                                            <autoresizingMask key="autoresizingMask"/>
                                        </collectionViewCellContentView>
                                    </collectionViewCell>
                                </cells>
                            </collectionView>
                            <button opaque="NO" contentMode="scaleToFill" fixedFrame="YES" contentHorizontalAlignment="center" contentVerticalAlignment="center" buttonType="system" lineBreakMode="middleTruncation" translatesAutoresizingMaskIntoConstraints="NO" id="xTW-qc-4lb">
                                <rect key="frame" x="264" y="667" width="125" height="35"/>
                                <autoresizingMask key="autoresizingMask" flexibleMaxX="YES" flexibleMaxY="YES"/>
                                <state key="normal" title="Button"/>
                                <buttonConfiguration key="configuration" style="plain" title="Subir Imagen"/>
                                <connections>
                                    <action selector="uploadImageTapped" destination="A7g-F6-cv4" eventType="touchDown" id="VhL-Qs-aVX"/>
                                </connections>
                            </button>
                        </subviews>
                        <viewLayoutGuide key="safeArea" id="4U0-J0-f6V"/>
                        <color key="backgroundColor" systemColor="systemBackgroundColor"/>
                    </view>
                    <navigationItem key="navigationItem" title="New Task" id="gbv-X6-AlQ">
                        <barButtonItem key="rightBarButtonItem" style="plain" systemItem="save" id="TO5-so-6eP">
                            <connections>
                                <action selector="guardarTapped:" destination="A7g-F6-cv4" id="iTP-S8-H1b"/>
                            </connections>
                        </barButtonItem>
                    </navigationItem>
                    <connections>
                        <outlet property="collectionView" destination="cdl-1h-Cct" id="0os-eo-Zgs"/>
                        <outlet property="descriptionTextView" destination="qzc-Jf-z8M" id="MIt-fj-GpY"/>
                        <outlet property="fechaVencimientoPicker" destination="UfR-IR-sgj" id="Nba-wV-sjA"/>
                        <outlet property="titleTextField" destination="KMh-Dz-yeO" id="kYi-Ur-YFs"/>
                    </connections>
                </viewController>
                <placeholder placeholderIdentifier="IBFirstResponder" id="Yxk-If-eJW" userLabel="First Responder" customClass="UIResponder" sceneMemberID="firstResponder"/>
            </objects>
            <point key="canvasLocation" x="1806.8702290076335" y="-85.211267605633807"/>
        </scene>
        <!--Navigation Controller-->
        <scene sceneID="6fi-j0-pib">
            <objects>
                <navigationController automaticallyAdjustsScrollViewInsets="NO" id="nB6-yG-kzs" sceneMemberID="viewController">
                    <toolbarItems/>
                    <navigationBar key="navigationBar" contentMode="scaleToFill" id="J7E-9i-kdT">
                        <rect key="frame" x="0.0" y="59" width="393" height="44"/>
                        <autoresizingMask key="autoresizingMask"/>
                    </navigationBar>
                    <nil name="viewControllers"/>
                    <connections>
                        <segue destination="dL5-x1-d0P" kind="relationship" relationship="rootViewController" id="xFV-OL-VzE"/>
                    </connections>
                </navigationController>
                <placeholder placeholderIdentifier="IBFirstResponder" id="yRk-uD-HML" userLabel="First Responder" customClass="UIResponder" sceneMemberID="firstResponder"/>
            </objects>
            <point key="canvasLocation" x="23.664122137404579" y="-85.211267605633807"/>
        </scene>
    </scenes>
    <inferredMetricsTieBreakers>
        <segue reference="UK5-Bg-JbO"/>
    </inferredMetricsTieBreakers>
    <resources>
        <systemColor name="labelColor">
            <color white="0.0" alpha="1" colorSpace="custom" customColorSpace="genericGamma22GrayColorSpace"/>
        </systemColor>
        <systemColor name="systemBackgroundColor">
            <color white="1" alpha="1" colorSpace="custom" customColorSpace="genericGamma22GrayColorSpace"/>
        </systemColor>
    </resources>
</document>
